,flexible,moderate,strict
0,0,1,0
1,0,0,1
2,0,0,1
3,1,0,0
4,0,0,1
5,0,0,1
6,0,1,0
7,0,0,1
8,0,0,1
9,0,0,1
10,0,1,0
11,0,0,1
12,0,1,0
13,0,0,1
14,0,0,1
15,0,0,1
16,0,1,0
17,0,1,0
18,1,0,0
19,1,0,0
20,1,0,0
21,0,1,0
22,1,0,0
23,1,0,0
24,0,1,0
25,0,0,1
26,1,0,0
27,0,0,1
28,0,1,0
29,0,0,1
30,0,0,1
31,0,0,1
32,1,0,0
33,0,0,1
34,0,0,1
35,0,1,0
36,0,0,1
37,1,0,0
38,0,1,0
39,1,0,0
40,0,1,0
41,0,0,1
42,0,1,0
43,0,1,0
44,1,0,0
45,1,0,0
46,0,0,1
47,0,1,0
48,0,1,0
49,0,1,0
50,0,1,0
51,1,0,0
52,0,1,0
53,1,0,0
54,0,0,1
55,0,1,0
56,1,0,0
57,0,1,0
58,0,1,0
59,0,1,0
60,1,0,0
61,0,0,1
62,1,0,0
63,0,0,1
64,0,1,0
65,0,0,1
66,0,1,0
67,0,0,1
68,1,0,0
69,1,0,0
70,1,0,0
71,1,0,0
72,0,0,1
73,0,1,0
74,1,0,0
75,0,1,0
76,0,1,0
77,1,0,0
78,0,1,0
79,1,0,0
80,0,0,1
81,0,1,0
82,0,0,1
83,1,0,0
84,0,0,1
85,0,0,1
86,0,1,0
87,1,0,0
88,0,1,0
89,0,0,1
90,1,0,0
91,0,0,1
92,0,1,0
93,0,1,0
94,0,0,1
95,1,0,0
96,0,1,0
97,0,0,1
98,1,0,0
99,0,0,1
100,0,1,0
101,0,1,0
102,0,1,0
103,0,0,1
104,0,1,0
105,0,0,1
106,0,0,1
107,0,1,0
108,1,0,0
109,0,1,0
110,0,1,0
111,1,0,0
112,0,1,0
113,0,1,0
114,0,0,1
115,0,1,0
116,1,0,0
117,1,0,0
118,1,0,0
119,0,1,0
120,0,1,0
121,1,0,0
122,0,0,1
123,0,0,1
124,1,0,0
125,0,0,1
126,0,1,0
127,0,1,0
128,0,1,0
129,0,1,0
130,0,1,0
131,0,1,0
132,1,0,0
133,0,1,0
134,0,1,0
135,0,1,0
136,0,1,0
137,0,0,1
138,0,1,0
139,0,0,1
140,0,0,1
141,0,0,1
142,0,0,1
143,0,1,0
144,1,0,0
145,1,0,0
146,1,0,0
147,0,0,1
148,0,1,0
149,0,0,1
150,1,0,0
151,0,1,0
152,0,1,0
153,0,1,0
154,1,0,0
155,0,1,0
156,0,1,0
157,1,0,0
158,0,0,1
159,0,0,1
160,1,0,0
161,0,1,0
162,0,0,1
163,0,0,1
164,1,0,0
165,0,0,1
166,0,0,1
167,0,1,0
168,1,0,0
169,0,1,0
170,1,0,0
171,1,0,0
172,1,0,0
173,0,0,1
174,1,0,0
175,0,0,1
176,1,0,0
177,1,0,0
178,0,1,0
179,1,0,0
180,1,0,0
181,0,1,0
182,0,1,0
183,1,0,0
184,0,0,1
185,0,0,1
186,0,1,0
187,0,0,1
188,0,1,0
189,1,0,0
190,1,0,0
191,0,1,0
192,1,0,0
193,1,0,0
194,1,0,0
195,0,0,1
196,0,1,0
197,1,0,0
198,0,1,0
199,1,0,0
200,1,0,0
201,1,0,0
202,0,0,1
203,0,1,0
204,0,1,0
205,0,1,0
206,1,0,0
207,0,0,1
208,0,0,1
209,0,1,0
210,0,0,1
211,0,1,0
212,0,1,0
213,0,0,1
214,0,1,0
215,0,0,1
216,0,0,1
217,0,1,0
218,0,1,0
219,0,0,1
220,0,0,1
221,0,0,1
222,0,1,0
223,0,1,0
224,0,1,0
225,1,0,0
226,0,0,1
227,0,1,0
228,0,0,1
229,1,0,0
230,0,1,0
231,0,0,1
232,0,1,0
233,0,1,0
234,0,0,1
235,0,0,1
236,1,0,0
237,1,0,0
238,1,0,0
239,0,1,0
240,0,0,1
241,0,0,1
242,1,0,0
243,0,1,0
244,0,0,1
245,0,0,1
246,1,0,0
247,0,1,0
248,0,0,1
249,0,0,1
250,0,1,0
251,1,0,0
252,0,1,0
253,1,0,0
254,0,1,0
255,0,0,1
256,0,0,1
257,1,0,0
258,1,0,0
259,1,0,0
260,0,1,0
261,0,1,0
262,0,1,0
263,0,0,1
264,1,0,0
265,0,0,1
266,0,0,1
267,0,0,1
268,0,1,0
269,0,0,1
270,0,1,0
271,1,0,0
272,0,1,0
273,1,0,0
274,0,1,0
275,0,0,1
276,0,1,0
277,0,0,1
278,0,0,1
279,0,1,0
280,0,0,1
281,0,1,0
282,0,0,1
283,1,0,0
284,0,0,1
285,0,1,0
286,0,1,0
287,0,0,1
288,0,1,0
289,0,1,0
290,0,0,1
291,0,1,0
292,0,1,0
293,0,0,1
294,0,1,0
295,0,1,0
296,0,0,1
297,0,0,1
298,1,0,0
299,0,0,1
300,0,0,1
301,0,0,1
302,0,1,0
303,0,0,1
304,0,1,0
305,1,0,0
306,0,0,1
307,0,1,0
308,1,0,0
309,0,1,0
310,0,1,0
311,0,1,0
312,1,0,0
313,1,0,0
314,1,0,0
315,0,0,1
316,1,0,0
317,0,1,0
318,0,0,1
319,1,0,0
320,0,0,1
321,0,0,1
322,1,0,0
323,0,0,1
324,0,1,0
325,1,0,0
326,1,0,0
327,0,1,0
328,1,0,0
329,1,0,0
330,0,0,1
331,0,0,1
332,0,0,1
333,1,0,0
334,0,0,1
335,1,0,0
336,0,0,1
337,0,1,0
338,0,1,0
339,0,0,1
340,0,0,1
341,1,0,0
342,0,1,0
343,1,0,0
344,0,1,0
345,1,0,0
346,0,0,1
347,1,0,0
348,1,0,0
349,0,0,1
350,0,0,1
351,0,1,0
352,0,1,0
353,1,0,0
354,0,0,1
355,0,1,0
356,0,1,0
357,0,0,1
358,0,0,1
359,0,0,1
360,0,1,0
361,0,0,1
362,1,0,0
363,1,0,0
364,0,0,1
365,0,1,0
366,0,0,1
367,0,1,0
368,0,0,1
369,0,0,1
370,1,0,0
371,0,0,1
372,0,0,1
373,1,0,0
374,1,0,0
375,0,0,1
376,0,0,1
377,0,0,1
378,0,0,1
379,1,0,0
380,0,0,1
381,1,0,0
382,0,1,0
383,1,0,0
384,1,0,0
385,0,1,0
386,1,0,0
387,0,0,1
388,0,1,0
389,0,0,1
390,0,1,0
391,0,0,1
392,1,0,0
393,0,0,1
394,0,1,0
395,0,0,1
396,1,0,0
397,1,0,0
398,0,0,1
399,0,0,1
400,1,0,0
401,0,0,1
402,0,0,1
403,0,0,1
404,0,0,1
405,0,0,1
406,1,0,0
407,0,1,0
408,0,1,0
409,0,0,1
410,0,0,1
411,1,0,0
412,0,1,0
413,0,1,0
414,0,0,1
415,0,1,0
416,1,0,0
417,1,0,0
418,0,0,1
419,1,0,0
420,0,0,1
421,0,0,1
422,0,0,1
423,0,0,1
424,0,1,0
425,0,1,0
426,1,0,0
427,0,1,0
428,1,0,0
429,0,0,1
430,0,0,1
431,1,0,0
432,0,0,1
433,1,0,0
434,0,1,0
435,0,0,1
436,0,0,1
437,0,1,0
438,0,1,0
439,0,0,1
440,0,1,0
441,1,0,0
442,1,0,0
443,0,1,0
444,0,0,1
445,0,0,1
446,0,1,0
447,0,0,1
448,0,1,0
449,1,0,0
450,1,0,0
451,1,0,0
452,0,0,1
453,0,1,0
454,0,1,0
455,0,1,0
456,0,1,0
457,1,0,0
458,1,0,0
459,0,1,0
460,0,1,0
461,0,0,1
462,0,1,0
463,1,0,0
464,0,1,0
465,0,0,1
466,0,0,1
467,1,0,0
468,0,0,1
469,0,0,1
470,0,1,0
471,1,0,0
472,1,0,0
473,0,1,0
474,0,1,0
475,1,0,0
476,0,0,1
477,0,1,0
478,1,0,0
479,0,0,1
480,1,0,0
481,1,0,0
482,0,0,1
483,1,0,0
484,1,0,0
485,0,1,0
486,0,1,0
487,0,0,1
488,1,0,0
489,1,0,0
490,0,1,0
491,0,0,1
492,1,0,0
493,0,1,0
494,0,1,0
495,0,1,0
496,0,1,0
497,0,1,0
498,0,0,1
499,0,0,1
500,0,1,0
501,1,0,0
502,0,1,0
503,1,0,0
504,0,0,1
505,1,0,0
506,0,1,0
507,0,0,1
508,0,0,1
509,0,1,0
510,0,0,1
511,0,0,1
512,0,1,0
513,0,1,0
514,1,0,0
515,0,0,1
516,0,0,1
517,0,1,0
518,1,0,0
519,0,0,1
520,0,0,1
521,0,1,0
522,0,1,0
523,0,1,0
524,0,0,1
525,0,1,0
526,0,0,1
527,0,1,0
528,0,0,1
529,0,0,1
530,0,1,0
531,0,0,1
532,0,1,0
533,0,0,1
534,0,1,0
535,0,1,0
536,0,1,0
537,1,0,0
538,1,0,0
539,1,0,0
540,0,0,1
541,1,0,0
542,0,1,0
543,0,1,0
544,0,1,0
545,1,0,0
546,0,1,0
547,0,1,0
548,0,0,1
549,0,0,1
550,1,0,0
551,1,0,0
552,1,0,0
553,0,0,1
554,0,0,1
555,0,0,1
556,0,1,0
557,1,0,0
558,0,1,0
559,1,0,0
560,0,0,1
561,1,0,0
562,1,0,0
563,0,0,1
564,1,0,0
565,0,0,1
566,1,0,0
567,1,0,0
568,1,0,0
569,1,0,0
570,0,0,1
571,0,1,0
572,0,0,1
573,0,1,0
574,0,1,0
575,0,0,1
576,1,0,0
577,1,0,0
578,0,0,1
579,0,0,1
580,0,0,1
581,0,0,1
582,1,0,0
583,1,0,0
584,0,1,0
585,1,0,0
586,0,0,1
587,0,0,1
588,0,1,0
589,0,1,0
590,1,0,0
591,1,0,0
592,0,1,0
593,1,0,0
594,1,0,0
595,1,0,0
596,1,0,0
597,1,0,0
598,0,0,1
599,0,1,0
600,0,1,0
601,0,0,1
602,1,0,0
603,1,0,0
604,0,1,0
605,0,1,0
606,1,0,0
607,0,0,1
608,0,1,0
609,1,0,0
610,0,1,0
611,0,0,1
612,0,1,0
613,0,0,1
614,0,0,1
615,0,1,0
616,1,0,0
617,0,0,1
618,1,0,0
619,0,1,0
620,0,1,0
621,0,0,1
622,0,0,1
623,0,0,1
624,0,1,0
625,1,0,0
626,0,0,1
627,0,1,0
628,1,0,0
629,1,0,0
630,0,0,1
631,0,0,1
632,0,0,1
633,1,0,0
634,1,0,0
635,0,1,0
636,0,1,0
637,1,0,0
638,0,1,0
639,1,0,0
640,0,0,1
641,0,0,1
642,0,1,0
643,0,0,1
644,1,0,0
645,1,0,0
646,1,0,0
647,0,1,0
648,0,1,0
649,1,0,0
650,0,0,1
651,0,0,1
652,0,1,0
653,1,0,0
654,0,1,0
655,0,1,0
656,0,1,0
657,0,0,1
658,0,0,1
659,0,1,0
660,0,0,1
661,0,0,1
662,1,0,0
663,1,0,0
664,0,0,1
665,0,1,0
666,0,1,0
667,1,0,0
668,0,0,1
669,1,0,0
670,0,1,0
671,0,1,0
672,0,1,0
673,0,0,1
674,0,1,0
675,0,1,0
676,0,1,0
677,0,1,0
678,1,0,0
679,0,0,1
680,0,1,0
681,0,0,1
682,0,0,1
683,0,1,0
684,0,0,1
685,1,0,0
686,1,0,0
687,0,1,0
688,0,1,0
689,0,1,0
690,0,0,1
691,0,0,1
692,1,0,0
693,1,0,0
694,0,0,1
695,0,1,0
696,0,0,1
697,0,0,1
698,0,1,0
699,1,0,0
700,0,0,1
701,0,0,1
702,0,0,1
703,0,1,0
704,0,0,1
705,1,0,0
706,1,0,0
707,0,1,0
708,0,1,0
709,0,1,0
710,0,1,0
711,0,0,1
712,0,0,1
713,0,1,0
714,0,0,1
715,0,0,1
716,0,1,0
717,0,0,1
718,0,1,0
719,0,1,0
720,1,0,0
721,0,1,0
722,1,0,0
723,0,0,1
724,0,1,0
725,0,1,0
726,0,1,0
727,0,0,1
728,0,1,0
729,0,1,0
730,0,0,1
731,0,0,1
732,0,1,0
733,0,1,0
734,1,0,0
735,0,0,1
736,0,1,0
737,0,0,1
738,1,0,0
739,0,0,1
740,0,0,1
741,1,0,0
742,1,0,0
743,0,0,1
744,0,0,1
745,1,0,0
746,0,0,1
747,0,0,1
748,0,0,1
749,0,1,0
750,0,0,1
751,1,0,0
752,0,1,0
753,0,0,1
754,0,1,0
755,0,0,1
756,0,1,0
757,0,1,0
758,0,1,0
759,1,0,0
760,0,1,0
761,0,1,0
762,1,0,0
763,0,1,0
764,0,1,0
765,1,0,0
766,0,0,1
767,0,0,1
768,0,1,0
769,0,1,0
770,0,0,1
771,0,0,1
772,1,0,0
773,0,0,1
774,1,0,0
775,0,0,1
776,0,0,1
777,0,1,0
778,0,0,1
779,0,0,1
780,0,0,1
781,0,0,1
782,0,1,0
783,0,1,0
784,1,0,0
785,0,0,1
786,1,0,0
787,0,1,0
788,0,0,1
789,0,1,0
790,0,0,1
791,1,0,0
792,0,1,0
793,0,0,1
794,0,0,1
795,0,0,1
796,0,0,1
797,0,1,0
798,0,0,1
799,1,0,0
800,0,1,0
801,1,0,0
802,1,0,0
803,1,0,0
804,1,0,0
805,0,0,1
806,0,1,0
807,1,0,0
808,0,1,0
809,1,0,0
810,1,0,0
811,0,0,1
812,0,0,1
813,0,0,1
814,0,1,0
815,0,0,1
816,0,0,1
817,0,0,1
818,0,1,0
819,0,0,1
820,0,0,1
821,0,0,1
822,0,1,0
823,0,1,0
824,0,0,1
825,0,0,1
826,1,0,0
827,1,0,0
828,1,0,0
829,0,0,1
830,1,0,0
831,0,1,0
832,0,1,0
833,0,0,1
834,0,1,0
835,1,0,0
836,0,0,1
837,0,0,1
838,0,0,1
839,1,0,0
840,0,0,1
841,0,0,1
842,0,1,0
843,0,1,0
844,0,0,1
845,0,0,1
846,0,1,0
847,0,0,1
848,0,1,0
849,0,1,0
850,1,0,0
851,1,0,0
852,1,0,0
853,1,0,0
854,1,0,0
855,1,0,0
856,0,1,0
857,0,1,0
858,0,0,1
859,1,0,0
860,1,0,0
861,0,1,0
862,0,0,1
863,1,0,0
864,0,0,1
865,0,1,0
866,0,0,1
867,1,0,0
868,0,0,1
869,0,1,0
870,0,1,0
871,0,1,0
872,1,0,0
873,1,0,0
874,0,1,0
875,0,0,1
876,1,0,0
877,0,1,0
878,0,0,1
879,0,1,0
880,1,0,0
881,1,0,0
882,1,0,0
883,0,0,1
884,0,1,0
885,1,0,0
886,0,0,1
887,1,0,0
888,0,0,1
889,1,0,0
890,0,0,1
891,0,0,1
892,1,0,0
893,1,0,0
894,1,0,0
895,0,0,1
896,0,0,1
897,0,0,1
898,0,0,1
899,0,1,0
900,1,0,0
901,1,0,0
902,1,0,0
903,0,0,1
904,0,1,0
905,0,0,1
906,1,0,0
907,0,0,1
908,0,0,1
909,0,0,1
910,0,0,1
911,0,0,1
912,1,0,0
913,0,0,1
914,0,1,0
915,1,0,0
916,0,0,1
917,1,0,0
918,0,0,1
919,0,0,1
920,0,0,1
921,1,0,0
922,0,1,0
923,0,0,1
924,0,0,1
925,0,0,1
926,0,1,0
927,0,0,1
928,0,1,0
929,0,0,1
930,0,0,1
931,0,1,0
932,0,1,0
933,0,0,1
934,1,0,0
935,0,0,1
936,0,1,0
937,0,0,1
938,0,0,1
939,0,0,1
940,1,0,0
941,0,0,1
942,0,1,0
943,1,0,0
944,0,1,0
945,0,0,1
946,0,1,0
947,0,0,1
948,0,1,0
949,0,0,1
950,0,1,0
951,0,0,1
952,0,0,1
953,1,0,0
954,0,1,0
955,0,1,0
956,0,0,1
957,0,1,0
958,0,1,0
959,0,1,0
960,0,0,1
961,0,0,1
962,0,0,1
963,1,0,0
964,0,0,1
965,0,0,1
966,0,1,0
967,1,0,0
968,0,0,1
969,0,0,1
970,0,1,0
971,0,0,1
972,0,0,1
973,1,0,0
974,0,0,1
975,1,0,0
976,1,0,0
977,1,0,0
978,0,1,0
979,0,1,0
980,0,0,1
981,0,0,1
982,1,0,0
983,1,0,0
984,1,0,0
985,1,0,0
986,1,0,0
987,0,1,0
988,1,0,0
989,0,0,1
990,1,0,0
991,0,1,0
992,0,1,0
993,1,0,0
994,0,0,1
995,0,0,1
996,1,0,0
997,0,0,1
998,0,0,1
999,1,0,0
1000,1,0,0
1001,0,0,1
1002,0,0,1
1003,0,0,1
1004,1,0,0
1005,1,0,0
1006,0,1,0
1007,0,1,0
1008,1,0,0
1009,1,0,0
1010,0,1,0
1011,1,0,0
1012,0,0,1
1013,0,0,1
1014,1,0,0
1015,0,0,1
1016,0,0,1
1017,1,0,0
1018,0,1,0
1019,1,0,0
1020,1,0,0
1021,1,0,0
1022,0,0,1
1023,0,1,0
1024,0,0,1
1025,0,1,0
1026,1,0,0
1027,1,0,0
1028,1,0,0
1029,1,0,0
1030,0,0,1
1031,1,0,0
1032,0,0,1
1033,1,0,0
1034,0,1,0
1035,0,1,0
1036,0,1,0
1037,0,0,1
1038,1,0,0
1039,0,0,1
1040,0,0,1
1041,0,1,0
1042,1,0,0
1043,0,0,1
1044,0,1,0
1045,0,0,1
1046,0,1,0
1047,0,0,1
1048,0,1,0
1049,0,0,1
1050,1,0,0
1051,0,1,0
1052,0,1,0
1053,0,0,1
1054,0,0,1
1055,0,0,1
1056,0,0,1
1057,1,0,0
1058,0,1,0
1059,1,0,0
1060,0,1,0
1061,0,1,0
1062,0,0,1
1063,0,0,1
1064,0,1,0
1065,0,0,1
1066,0,0,1
1067,0,0,1
1068,0,0,1
1069,0,1,0
1070,0,0,1
1071,0,0,1
1072,0,1,0
1073,1,0,0
1074,0,0,1
1075,0,0,1
1076,0,1,0
1077,0,0,1
1078,0,1,0
1079,0,1,0
1080,0,0,1
1081,0,0,1
1082,0,1,0
1083,0,0,1
1084,1,0,0
1085,0,1,0
1086,0,0,1
1087,0,0,1
1088,0,1,0
1089,0,1,0
1090,0,0,1
1091,0,0,1
1092,0,0,1
1093,0,1,0
1094,0,0,1
1095,0,1,0
1096,0,1,0
1097,0,0,1
1098,0,0,1
1099,0,1,0
1100,0,1,0
1101,0,0,1
1102,0,0,1
1103,0,1,0
1104,0,0,1
1105,1,0,0
1106,1,0,0
1107,1,0,0
1108,0,0,1
1109,0,1,0
1110,1,0,0
1111,1,0,0
1112,1,0,0
1113,0,0,1
1114,1,0,0
1115,0,1,0
1116,1,0,0
1117,1,0,0
1118,0,0,1
1119,0,1,0
1120,0,0,1
1121,1,0,0
1122,0,1,0
1123,0,1,0
1124,1,0,0
1125,1,0,0
1126,1,0,0
1127,0,0,1
1128,0,0,1
1129,0,0,1
1130,1,0,0
1131,1,0,0
1132,0,0,1
1133,0,1,0
1134,0,0,1
1135,0,1,0
1136,0,0,1
1137,0,1,0
1138,1,0,0
1139,1,0,0
1140,1,0,0
1141,1,0,0
1142,1,0,0
1143,1,0,0
1144,0,1,0
1145,1,0,0
1146,0,1,0
1147,1,0,0
1148,0,0,1
1149,0,0,1
1150,0,1,0
1151,0,0,1
1152,0,0,1
1153,1,0,0
1154,1,0,0
1155,0,0,1
1156,0,0,1
1157,0,1,0
1158,1,0,0
1159,0,0,1
1160,0,1,0
1161,0,0,1
1162,1,0,0
1163,0,1,0
1164,0,0,1
1165,0,1,0
1166,1,0,0
1167,1,0,0
1168,0,1,0
1169,0,1,0
1170,0,0,1
1171,0,0,1
1172,0,1,0
1173,0,1,0
1174,1,0,0
1175,0,1,0
1176,0,1,0
1177,0,1,0
1178,0,1,0
1179,0,1,0
1180,1,0,0
1181,0,1,0
1182,1,0,0
1183,1,0,0
1184,1,0,0
1185,0,1,0
1186,1,0,0
1187,0,0,1
1188,1,0,0
1189,1,0,0
1190,0,0,1
1191,0,1,0
1192,0,1,0
1193,0,1,0
1194,0,0,1
1195,1,0,0
1196,0,0,1
1197,0,0,1
1198,0,0,1
1199,0,0,1
1200,0,0,1
1201,1,0,0
1202,1,0,0
1203,0,1,0
1204,0,0,1
1205,0,0,1
1206,0,0,1
1207,0,0,1
1208,0,1,0
1209,0,0,1
1210,0,0,1
1211,0,0,1
1212,1,0,0
1213,0,0,1
1214,0,0,1
1215,1,0,0
1216,0,0,1
1217,1,0,0
1218,0,0,1
1219,0,0,1
1220,0,1,0
1221,0,0,1
1222,0,0,1
1223,0,0,1
1224,1,0,0
1225,0,0,1
1226,1,0,0
1227,0,1,0
1228,0,0,1
1229,0,0,1
1230,0,0,1
1231,1,0,0
1232,0,0,1
1233,0,0,1
1234,0,0,1
1235,0,0,1
1236,0,0,1
1237,0,0,1
1238,0,0,1
1239,0,0,1
1240,0,0,1
1241,0,0,1
1242,0,0,1
1243,1,0,0
1244,0,0,1
1245,1,0,0
1246,0,0,1
1247,0,0,1
1248,1,0,0
1249,0,0,1
1250,0,1,0
1251,0,1,0
1252,0,1,0
1253,0,0,1
1254,0,0,1
1255,0,1,0
1256,0,0,1
1257,0,1,0
1258,0,0,1
1259,0,0,1
1260,0,0,1
1261,0,1,0
1262,0,0,1
1263,0,0,1
1264,0,0,1
1265,0,0,1
1266,0,0,1
1267,0,0,1
1268,0,0,1
1269,0,0,1
1270,0,0,1
1271,0,0,1
1272,0,0,1
1273,1,0,0
1274,0,0,1
1275,1,0,0
1276,0,0,1
1277,0,0,1
1278,0,0,1
1279,0,0,1
1280,0,0,1
1281,0,0,1
1282,0,0,1
1283,0,0,1
1284,0,0,1
1285,0,0,1
1286,1,0,0
1287,1,0,0
1288,0,0,1
1289,0,0,1
1290,0,0,1
1291,0,0,1
1292,1,0,0
1293,0,0,1
1294,0,1,0
1295,1,0,0
1296,1,0,0
1297,0,1,0
1298,0,0,1
1299,0,0,1
1300,0,0,1
1301,0,0,1
1302,0,0,1
1303,0,0,1
1304,0,0,1
1305,1,0,0
1306,0,0,1
1307,0,0,1
1308,0,0,1
1309,0,0,1
1310,0,0,1
1311,0,0,1
1312,0,0,1
1313,0,0,1
1314,0,0,1
1315,0,0,1
1316,1,0,0
1317,1,0,0
1318,0,0,1
1319,0,0,1
1320,0,0,1
1321,0,1,0
1322,0,1,0
1323,0,0,1
1324,0,0,1
1325,0,0,1
1326,1,0,0
1327,0,0,1
1328,0,0,1
1329,0,1,0
1330,0,1,0
1331,0,0,1
1332,0,0,1
1333,0,0,1
1334,0,0,1
1335,0,0,1
1336,0,0,1
1337,1,0,0
1338,0,0,1
1339,0,0,1
1340,0,0,1
1341,0,0,1
1342,0,1,0
1343,0,0,1
1344,1,0,0
1345,0,0,1
1346,0,0,1
1347,0,0,1
1348,0,0,1
1349,1,0,0
1350,0,0,1
1351,0,0,1
1352,0,0,1
1353,0,0,1
1354,0,0,1
1355,0,0,1
1356,0,0,1
1357,0,0,1
1358,0,0,1
1359,0,0,1
1360,0,0,1
1361,0,0,1
1362,0,0,1
1363,0,0,1
1364,0,1,0
1365,0,0,1
1366,0,0,1
1367,0,0,1
1368,0,0,1
1369,0,1,0
1370,0,0,1
1371,0,0,1
1372,1,0,0
1373,0,0,1
1374,0,1,0
1375,0,0,1
1376,0,0,1
1377,0,0,1
1378,0,0,1
1379,0,0,1
1380,0,0,1
1381,0,0,1
1382,0,0,1
1383,0,1,0
1384,0,0,1
1385,0,0,1
1386,1,0,0
1387,0,0,1
1388,1,0,0
1389,0,0,1
1390,1,0,0
1391,0,0,1
1392,0,0,1
1393,0,0,1
1394,1,0,0
1395,0,0,1
1396,1,0,0
1397,0,1,0
1398,0,0,1
1399,0,1,0
1400,0,0,1
1401,0,0,1
1402,0,0,1
1403,0,0,1
1404,0,0,1
1405,1,0,0
1406,0,0,1
1407,0,1,0
1408,1,0,0
1409,0,0,1
1410,1,0,0
1411,0,0,1
1412,0,0,1
1413,0,0,1
1414,1,0,0
1415,0,0,1
1416,1,0,0
1417,0,1,0
1418,0,0,1
1419,1,0,0
1420,0,0,1
1421,0,0,1
1422,0,0,1
1423,0,1,0
1424,0,0,1
1425,0,0,1
1426,0,0,1
1427,1,0,0
1428,0,0,1
1429,0,0,1
1430,1,0,0
1431,1,0,0
1432,0,0,1
1433,1,0,0
1434,0,0,1
1435,0,1,0
1436,0,0,1
1437,0,0,1
1438,0,0,1
1439,0,1,0
1440,0,1,0
1441,0,0,1
1442,0,1,0
1443,0,1,0
1444,1,0,0
1445,1,0,0
1446,1,0,0
1447,0,0,1
1448,1,0,0
1449,0,1,0
1450,0,1,0
1451,0,1,0
1452,1,0,0
1453,0,1,0
1454,0,0,1
1455,0,1,0
1456,0,0,1
1457,1,0,0
1458,0,0,1
1459,0,0,1
1460,0,0,1
1461,0,0,1
1462,0,0,1
1463,0,1,0
1464,1,0,0
1465,0,0,1
1466,0,0,1
1467,0,0,1
1468,1,0,0
1469,0,0,1
1470,1,0,0
1471,0,1,0
1472,0,0,1
1473,0,1,0
1474,0,0,1
1475,1,0,0
1476,1,0,0
1477,0,0,1
1478,0,0,1
1479,1,0,0
1480,1,0,0
1481,0,0,1
1482,0,0,1
1483,0,1,0
1484,1,0,0
1485,1,0,0
1486,0,0,1
1487,0,0,1
1488,0,0,1
1489,0,0,1
1490,0,0,1
1491,0,0,1
1492,0,0,1
1493,0,0,1
1494,0,0,1
1495,0,0,1
1496,1,0,0
1497,0,0,1
1498,0,0,1
1499,0,0,1
1500,0,0,1
1501,0,0,1
1502,0,0,1
1503,0,0,1
1504,0,0,1
1505,0,1,0
1506,0,0,1
1507,0,0,1
1508,0,0,1
1509,1,0,0
1510,0,0,1
1511,1,0,0
1512,0,0,1
1513,0,1,0
1514,0,0,1
1515,0,0,1
1516,0,0,1
1517,0,0,1
1518,0,0,1
1519,0,0,1
1520,0,1,0
1521,0,0,1
1522,0,0,1
1523,0,1,0
1524,0,0,1
1525,0,0,1
1526,0,0,1
1527,0,0,1
1528,1,0,0
1529,0,0,1
1530,0,1,0
1531,0,0,1
1532,0,0,1
1533,0,0,1
1534,0,0,1
1535,0,0,1
1536,0,1,0
1537,0,0,1
1538,0,0,1
1539,0,1,0
1540,0,1,0
1541,0,0,1
1542,0,0,1
1543,0,0,1
1544,0,1,0
1545,0,1,0
1546,0,1,0
1547,0,0,1
1548,0,0,1
1549,1,0,0
1550,0,0,1
1551,0,0,1
1552,1,0,0
1553,0,0,1
1554,0,0,1
1555,0,1,0
1556,1,0,0
1557,0,0,1
1558,0,0,1
1559,0,0,1
1560,0,0,1
1561,1,0,0
1562,1,0,0
1563,0,1,0
1564,0,0,1
1565,0,0,1
1566,0,1,0
1567,0,0,1
1568,1,0,0
1569,1,0,0
1570,0,0,1
1571,1,0,0
1572,0,1,0
1573,1,0,0
1574,0,1,0
1575,0,0,1
1576,0,1,0
1577,0,0,1
1578,0,1,0
1579,0,1,0
1580,1,0,0
1581,1,0,0
1582,1,0,0
1583,0,0,1
1584,0,0,1
1585,1,0,0
1586,0,0,1
1587,0,1,0
1588,1,0,0
1589,1,0,0
1590,0,0,1
1591,0,1,0
1592,0,1,0
1593,0,0,1
1594,0,0,1
1595,0,0,1
1596,0,0,1
1597,0,0,1
1598,0,1,0
1599,0,1,0
1600,0,1,0
1601,0,1,0
1602,1,0,0
1603,1,0,0
1604,0,1,0
1605,0,0,1
1606,0,0,1
1607,0,1,0
1608,1,0,0
1609,0,1,0
1610,0,1,0
1611,0,1,0
1612,0,0,1
1613,0,0,1
1614,0,1,0
1615,0,0,1
1616,0,1,0
1617,1,0,0
1618,0,0,1
1619,0,1,0
1620,0,0,1
1621,0,0,1
1622,0,0,1
1623,0,1,0
1624,0,0,1
1625,1,0,0
1626,0,0,1
1627,0,1,0
1628,1,0,0
1629,1,0,0
1630,0,0,1
1631,0,0,1
1632,1,0,0
1633,1,0,0
1634,1,0,0
1635,0,1,0
1636,0,0,1
1637,0,0,1
1638,0,1,0
1639,0,0,1
1640,0,0,1
1641,1,0,0
1642,0,0,1
1643,0,1,0
1644,0,0,1
1645,0,0,1
1646,1,0,0
1647,0,0,1
1648,0,0,1
1649,0,1,0
1650,0,1,0
1651,0,0,1
1652,0,0,1
1653,0,0,1
1654,0,0,1
1655,0,1,0
1656,0,0,1
1657,0,0,1
1658,0,1,0
1659,0,0,1
1660,0,0,1
1661,0,1,0
1662,0,0,1
1663,0,1,0
1664,0,0,1
1665,0,1,0
1666,1,0,0
1667,0,0,1
1668,1,0,0
1669,0,1,0
1670,1,0,0
1671,0,0,1
1672,1,0,0
1673,1,0,0
1674,0,0,1
1675,1,0,0
1676,0,1,0
1677,0,0,1
1678,1,0,0
1679,0,0,1
1680,1,0,0
1681,0,0,1
1682,1,0,0
1683,0,0,1
1684,0,0,1
1685,1,0,0
1686,1,0,0
1687,0,1,0
1688,0,0,1
1689,1,0,0
1690,1,0,0
1691,0,0,1
1692,0,1,0
1693,0,0,1
1694,0,1,0
1695,0,0,1
1696,1,0,0
1697,0,1,0
1698,0,0,1
1699,0,0,1
1700,1,0,0
1701,0,0,1
1702,0,1,0
1703,0,0,1
1704,0,0,1
1705,0,0,1
1706,0,0,1
1707,0,0,1
1708,0,0,1
1709,1,0,0
1710,0,1,0
1711,1,0,0
1712,1,0,0
1713,1,0,0
1714,0,0,1
1715,1,0,0
1716,0,1,0
1717,1,0,0
1718,1,0,0
1719,1,0,0
1720,0,1,0
1721,1,0,0
1722,0,0,1
1723,0,1,0
1724,0,1,0
1725,1,0,0
1726,1,0,0
1727,0,0,1
1728,1,0,0
1729,0,1,0
1730,0,1,0
1731,0,1,0
1732,0,1,0
1733,1,0,0
1734,1,0,0
1735,0,0,1
1736,0,0,1
1737,0,1,0
1738,0,0,1
1739,0,0,1
1740,0,0,1
1741,0,0,1
1742,0,0,1
1743,1,0,0
1744,1,0,0
1745,1,0,0
1746,0,0,1
1747,1,0,0
1748,1,0,0
1749,1,0,0
1750,1,0,0
1751,0,1,0
1752,1,0,0
1753,1,0,0
1754,1,0,0
1755,1,0,0
1756,0,1,0
1757,0,0,1
1758,0,0,1
1759,0,0,1
1760,1,0,0
1761,0,1,0
1762,0,1,0
1763,0,1,0
1764,0,0,1
1765,0,0,1
1766,0,1,0
1767,0,1,0
1768,1,0,0
1769,0,1,0
1770,0,1,0
1771,0,1,0
1772,0,0,1
1773,0,0,1
1774,0,0,1
1775,1,0,0
1776,0,0,1
1777,0,0,1
1778,0,1,0
1779,1,0,0
1780,0,0,1
1781,0,0,1
1782,1,0,0
1783,0,0,1
1784,0,1,0
1785,1,0,0
1786,1,0,0
1787,1,0,0
1788,0,1,0
1789,0,0,1
1790,0,1,0
1791,0,1,0
1792,0,1,0
1793,0,1,0
1794,0,1,0
1795,0,1,0
1796,1,0,0
1797,0,1,0
1798,0,0,1
1799,0,1,0
1800,0,0,1
1801,1,0,0
1802,0,0,1
1803,0,1,0
1804,0,0,1
1805,0,1,0
1806,0,0,1
1807,0,0,1
1808,1,0,0
1809,1,0,0
1810,0,0,1
1811,0,1,0
1812,0,1,0
1813,0,0,1
1814,1,0,0
1815,0,1,0
1816,1,0,0
1817,0,1,0
1818,0,1,0
1819,1,0,0
1820,0,1,0
1821,0,1,0
1822,1,0,0
1823,0,1,0
1824,1,0,0
1825,0,1,0
1826,1,0,0
1827,0,1,0
1828,1,0,0
1829,1,0,0
1830,0,0,1
1831,0,1,0
1832,0,1,0
1833,0,0,1
1834,1,0,0
1835,1,0,0
1836,1,0,0
1837,0,0,1
1838,0,1,0
1839,1,0,0
1840,0,1,0
1841,1,0,0
1842,1,0,0
1843,0,0,1
1844,0,0,1
1845,1,0,0
1846,0,0,1
1847,1,0,0
1848,0,0,1
1849,0,1,0
1850,0,1,0
1851,0,0,1
1852,1,0,0
1853,0,0,1
1854,0,1,0
1855,0,0,1
1856,0,1,0
1857,1,0,0
1858,0,1,0
1859,0,0,1
1860,1,0,0
1861,0,0,1
1862,0,0,1
1863,0,0,1
1864,0,0,1
1865,0,1,0
1866,0,0,1
1867,0,0,1
1868,0,1,0
1869,0,1,0
1870,0,0,1
1871,0,1,0
1872,0,1,0
1873,0,0,1
1874,1,0,0
1875,1,0,0
1876,1,0,0
1877,0,0,1
1878,0,1,0
1879,0,1,0
1880,0,0,1
1881,0,1,0
1882,0,1,0
1883,0,1,0
1884,0,1,0
1885,1,0,0
1886,0,1,0
1887,1,0,0
1888,1,0,0
1889,0,0,1
1890,0,1,0
1891,0,0,1
1892,0,0,1
1893,1,0,0
1894,0,0,1
1895,0,0,1
1896,0,1,0
1897,0,0,1
1898,1,0,0
1899,0,1,0
1900,1,0,0
1901,1,0,0
1902,1,0,0
1903,0,0,1
1904,0,1,0
1905,1,0,0
1906,0,1,0
1907,1,0,0
1908,0,1,0
1909,0,1,0
1910,0,0,1
1911,0,0,1
1912,1,0,0
1913,1,0,0
1914,0,1,0
1915,0,1,0
1916,0,1,0
1917,0,0,1
1918,1,0,0
1919,0,0,1
1920,0,0,1
1921,0,1,0
1922,0,0,1
1923,1,0,0
1924,0,0,1
1925,0,1,0
1926,1,0,0
1927,0,1,0
1928,0,0,1
1929,0,1,0
1930,0,1,0
1931,0,0,1
1932,0,1,0
1933,0,1,0
1934,0,1,0
1935,0,1,0
1936,0,1,0
1937,0,0,1
1938,1,0,0
1939,0,1,0
1940,1,0,0
1941,0,1,0
1942,0,1,0
1943,1,0,0
1944,0,1,0
1945,0,0,1
1946,1,0,0
1947,0,1,0
1948,0,0,1
1949,0,1,0
1950,0,1,0
1951,0,1,0
1952,1,0,0
1953,0,0,1
1954,0,1,0
1955,0,1,0
1956,0,1,0
1957,1,0,0
1958,0,1,0
1959,0,1,0
1960,0,0,1
1961,1,0,0
1962,0,1,0
1963,0,1,0
1964,0,0,1
1965,1,0,0
1966,0,0,1
1967,1,0,0
1968,0,1,0
1969,1,0,0
1970,1,0,0
1971,0,0,1
1972,0,1,0
1973,0,1,0
1974,0,1,0
1975,1,0,0
1976,0,1,0
1977,1,0,0
1978,1,0,0
1979,1,0,0
1980,1,0,0
1981,1,0,0
1982,0,0,1
1983,1,0,0
1984,0,1,0
1985,0,1,0
1986,0,0,1
1987,0,1,0
1988,1,0,0
1989,0,0,1
1990,0,0,1
1991,1,0,0
1992,0,1,0
1993,0,1,0
1994,0,0,1
1995,1,0,0
1996,0,0,1
1997,0,1,0
1998,0,1,0
1999,0,1,0
2000,1,0,0
2001,0,1,0
2002,0,0,1
2003,0,1,0
2004,0,1,0
2005,0,0,1
2006,0,0,1
2007,0,0,1
2008,0,0,1
2009,0,1,0
2010,0,1,0
2011,0,0,1
2012,0,1,0
2013,0,0,1
2014,1,0,0
2015,1,0,0
2016,0,0,1
2017,1,0,0
2018,1,0,0
2019,0,0,1
2020,1,0,0
2021,0,1,0
2022,1,0,0
2023,0,1,0
2024,0,0,1
2025,1,0,0
2026,0,1,0
2027,0,1,0
2028,0,1,0
2029,0,1,0
2030,0,1,0
2031,0,1,0
2032,1,0,0
2033,1,0,0
2034,0,0,1
2035,1,0,0
2036,0,0,1
2037,0,0,1
2038,1,0,0
2039,0,1,0
2040,1,0,0
2041,0,0,1
2042,0,1,0
2043,0,0,1
2044,1,0,0
2045,0,1,0
2046,0,1,0
2047,0,0,1
2048,0,0,1
2049,1,0,0
2050,0,0,1
2051,1,0,0
2052,1,0,0
2053,0,0,1
2054,1,0,0
2055,1,0,0
2056,0,0,1
2057,0,0,1
2058,0,1,0
2059,0,0,1
2060,0,0,1
2061,0,1,0
2062,0,0,1
2063,1,0,0
2064,0,1,0
2065,0,1,0
2066,0,1,0
2067,1,0,0
2068,1,0,0
2069,0,1,0
2070,1,0,0
2071,0,1,0
2072,0,1,0
2073,0,1,0
2074,1,0,0
2075,0,0,1
2076,0,0,1
2077,0,0,1
2078,0,0,1
2079,0,0,1
2080,1,0,0
2081,1,0,0
2082,1,0,0
2083,0,1,0
2084,0,1,0
2085,0,0,1
2086,0,1,0
2087,0,1,0
2088,0,1,0
2089,0,1,0
2090,0,1,0
2091,0,0,1
2092,0,0,1
2093,1,0,0
2094,0,0,1
2095,1,0,0
2096,0,1,0
2097,0,0,1
2098,0,0,1
2099,1,0,0
2100,0,0,1
2101,1,0,0
2102,0,1,0
2103,1,0,0
2104,1,0,0
2105,0,1,0
2106,0,1,0
2107,0,1,0
2108,0,0,1
2109,0,0,1
2110,1,0,0
2111,0,1,0
2112,1,0,0
2113,1,0,0
2114,0,0,1
2115,1,0,0
2116,1,0,0
2117,0,1,0
2118,0,1,0
2119,1,0,0
2120,1,0,0
2121,0,1,0
2122,0,1,0
2123,0,0,1
2124,0,1,0
2125,0,1,0
2126,0,0,1
2127,0,1,0
2128,1,0,0
2129,1,0,0
2130,0,1,0
2131,0,1,0
2132,0,1,0
2133,1,0,0
2134,1,0,0
2135,0,1,0
2136,0,1,0
2137,0,1,0
2138,0,1,0
2139,1,0,0
2140,0,1,0
2141,0,0,1
2142,0,1,0
2143,0,0,1
2144,0,1,0
2145,1,0,0
2146,0,0,1
2147,1,0,0
2148,0,1,0
2149,0,1,0
2150,1,0,0
2151,0,0,1
2152,0,0,1
2153,0,1,0
2154,1,0,0
2155,0,0,1
2156,1,0,0
2157,0,1,0
2158,0,1,0
2159,1,0,0
2160,0,1,0
2161,0,1,0
2162,0,1,0
2163,1,0,0
2164,1,0,0
2165,1,0,0
2166,0,0,1
2167,0,1,0
2168,0,0,1
2169,0,0,1
2170,1,0,0
2171,1,0,0
2172,0,1,0
2173,1,0,0
2174,0,1,0
2175,1,0,0
2176,0,1,0
2177,0,1,0
2178,0,1,0
2179,1,0,0
2180,0,1,0
2181,0,1,0
2182,0,1,0
2183,0,0,1
2184,0,0,1
2185,1,0,0
2186,1,0,0
2187,0,1,0
2188,1,0,0
2189,1,0,0
2190,0,0,1
2191,1,0,0
2192,0,0,1
2193,0,1,0
2194,0,0,1
2195,0,1,0
2196,0,1,0
2197,0,0,1
2198,1,0,0
2199,0,1,0
2200,0,1,0
2201,0,0,1
2202,0,0,1
2203,0,1,0
2204,1,0,0
2205,0,0,1
2206,0,1,0
2207,0,0,1
2208,0,1,0
2209,0,0,1
2210,0,1,0
2211,0,0,1
2212,1,0,0
2213,0,0,1
2214,0,0,1
2215,1,0,0
2216,1,0,0
2217,1,0,0
2218,0,0,1
2219,0,1,0
2220,1,0,0
2221,0,1,0
2222,0,1,0
2223,0,1,0
2224,0,0,1
2225,0,1,0
2226,0,1,0
2227,0,1,0
2228,0,0,1
2229,1,0,0
2230,0,0,1
2231,1,0,0
2232,0,0,1
2233,1,0,0
2234,0,1,0
2235,1,0,0
2236,0,0,1
2237,0,1,0
2238,0,1,0
2239,0,1,0
2240,0,1,0
2241,0,0,1
2242,0,1,0
2243,0,1,0
2244,0,0,1
2245,0,1,0
2246,0,0,1
2247,0,0,1
2248,1,0,0
2249,1,0,0
2250,0,0,1
2251,0,1,0
2252,0,1,0
2253,0,1,0
2254,0,0,1
2255,1,0,0
2256,1,0,0
2257,1,0,0
2258,0,1,0
2259,0,1,0
2260,0,1,0
2261,1,0,0
2262,1,0,0
2263,0,1,0
2264,0,0,1
2265,0,0,1
2266,0,0,1
2267,1,0,0
2268,0,0,1
2269,1,0,0
2270,0,1,0
2271,0,0,1
2272,1,0,0
2273,0,1,0
2274,1,0,0
2275,0,1,0
2276,1,0,0
2277,0,0,1
2278,0,1,0
2279,1,0,0
2280,1,0,0
2281,0,1,0
2282,0,0,1
2283,0,1,0
2284,0,0,1
2285,0,0,1
2286,1,0,0
2287,1,0,0
2288,1,0,0
2289,0,0,1
2290,1,0,0
2291,1,0,0
2292,0,1,0
2293,0,1,0
2294,0,0,1
2295,0,0,1
2296,1,0,0
2297,1,0,0
2298,0,0,1
2299,0,1,0
2300,0,0,1
2301,1,0,0
2302,0,1,0
2303,0,0,1
2304,1,0,0
2305,0,1,0
2306,0,1,0
2307,0,0,1
2308,1,0,0
2309,1,0,0
2310,0,1,0
2311,0,0,1
2312,0,1,0
2313,1,0,0
2314,1,0,0
2315,0,1,0
2316,0,1,0
2317,0,0,1
2318,0,1,0
2319,0,1,0
2320,0,0,1
2321,1,0,0
2322,1,0,0
2323,0,0,1
2324,0,1,0
2325,1,0,0
2326,0,0,1
2327,0,1,0
2328,0,1,0
2329,0,0,1
2330,0,1,0
2331,0,0,1
2332,0,1,0
2333,1,0,0
2334,0,1,0
2335,0,1,0
2336,0,0,1
2337,1,0,0
2338,0,0,1
2339,0,0,1
2340,0,1,0
2341,0,0,1
2342,0,1,0
2343,0,1,0
2344,0,1,0
2345,0,1,0
2346,1,0,0
2347,0,1,0
2348,0,0,1
2349,1,0,0
2350,0,1,0
2351,0,1,0
2352,0,1,0
2353,0,0,1
2354,1,0,0
2355,0,1,0
2356,1,0,0
2357,0,0,1
2358,0,0,1
2359,0,1,0
2360,0,1,0
2361,0,1,0
2362,0,1,0
2363,0,1,0
2364,0,0,1
2365,1,0,0
2366,1,0,0
2367,1,0,0
2368,1,0,0
2369,1,0,0
2370,1,0,0
2371,0,1,0
2372,0,1,0
2373,0,1,0
2374,1,0,0
2375,1,0,0
2376,0,0,1
2377,0,1,0
2378,1,0,0
2379,0,0,1
2380,0,1,0
2381,1,0,0
2382,1,0,0
2383,0,0,1
2384,0,0,1
2385,0,1,0
2386,0,1,0
2387,1,0,0
2388,0,0,1
2389,1,0,0
2390,0,1,0
2391,0,1,0
2392,0,1,0
2393,1,0,0
2394,0,0,1
2395,1,0,0
2396,0,0,1
2397,1,0,0
2398,0,0,1
2399,0,0,1
2400,1,0,0
2401,0,1,0
2402,0,1,0
2403,1,0,0
2404,1,0,0
2405,0,0,1
2406,1,0,0
2407,1,0,0
2408,0,1,0
2409,1,0,0
2410,0,0,1
2411,0,1,0
2412,1,0,0
2413,1,0,0
2414,0,0,1
2415,0,1,0
2416,1,0,0
2417,0,1,0
2418,1,0,0
2419,0,0,1
2420,0,1,0
2421,0,1,0
2422,0,0,1
2423,0,0,1
2424,0,1,0
2425,0,1,0
2426,1,0,0
2427,0,0,1
2428,0,1,0
2429,0,1,0
2430,0,1,0
2431,1,0,0
2432,0,1,0
2433,0,0,1
2434,0,1,0
2435,0,0,1
2436,0,1,0
2437,0,1,0
2438,1,0,0
2439,0,0,1
2440,0,0,1
2441,1,0,0
2442,0,1,0
2443,0,0,1
2444,0,1,0
2445,1,0,0
2446,1,0,0
2447,0,0,1
2448,0,0,1
2449,0,0,1
2450,1,0,0
2451,0,1,0
2452,0,0,1
2453,1,0,0
2454,1,0,0
2455,1,0,0
2456,0,1,0
2457,1,0,0
2458,0,0,1
2459,0,0,1
2460,0,1,0
2461,0,0,1
2462,0,0,1
2463,0,0,1
2464,1,0,0
2465,0,0,1
2466,0,1,0
2467,1,0,0
2468,0,1,0
2469,0,1,0
2470,1,0,0
2471,0,1,0
2472,0,1,0
2473,0,0,1
2474,0,1,0
2475,0,0,1
2476,0,1,0
2477,0,0,1
2478,0,0,1
2479,0,0,1
2480,0,1,0
2481,0,1,0
2482,0,0,1
2483,0,1,0
2484,0,0,1
2485,0,1,0
2486,1,0,0
2487,1,0,0
2488,1,0,0
2489,1,0,0
2490,0,1,0
2491,0,1,0
2492,1,0,0
2493,0,0,1
2494,0,1,0
2495,0,1,0
2496,0,1,0
2497,0,0,1
2498,1,0,0
2499,0,0,1
2500,0,1,0
2501,0,0,1
2502,1,0,0
2503,0,1,0
2504,0,0,1
2505,1,0,0
2506,0,0,1
2507,0,1,0
2508,0,1,0
2509,1,0,0
2510,0,1,0
2511,0,0,1
2512,0,1,0
2513,0,1,0
2514,0,1,0
2515,0,0,1
2516,1,0,0
2517,0,1,0
2518,0,0,1
2519,1,0,0
2520,0,1,0
2521,0,0,1
2522,0,1,0
2523,0,1,0
2524,0,0,1
2525,1,0,0
2526,0,1,0
2527,0,0,1
2528,0,0,1
2529,1,0,0
2530,1,0,0
2531,0,0,1
2532,0,1,0
2533,0,1,0
2534,1,0,0
2535,1,0,0
2536,0,1,0
2537,1,0,0
2538,0,1,0
2539,0,0,1
2540,0,0,1
2541,0,0,1
2542,0,1,0
2543,0,1,0
2544,0,0,1
2545,0,0,1
2546,0,0,1
2547,0,0,1
2548,0,1,0
2549,0,0,1
2550,0,0,1
2551,1,0,0
2552,1,0,0
2553,1,0,0
2554,0,0,1
2555,1,0,0
2556,0,1,0
2557,0,0,1
2558,0,1,0
2559,0,1,0
2560,0,1,0
2561,0,0,1
2562,0,1,0
2563,1,0,0
2564,0,0,1
2565,0,1,0
2566,0,0,1
2567,1,0,0
2568,0,1,0
2569,0,0,1
2570,1,0,0
2571,0,0,1
2572,0,1,0
2573,0,1,0
2574,0,1,0
2575,1,0,0
2576,0,0,1
2577,0,1,0
2578,0,1,0
2579,0,0,1
2580,1,0,0
2581,1,0,0
2582,0,0,1
2583,0,1,0
2584,0,1,0
2585,1,0,0
2586,0,0,1
2587,0,0,1
2588,1,0,0
2589,1,0,0
2590,1,0,0
2591,0,0,1
2592,1,0,0
2593,1,0,0
2594,0,1,0
2595,1,0,0
2596,1,0,0
2597,1,0,0
2598,1,0,0
2599,0,1,0
2600,0,1,0
2601,0,1,0
2602,0,0,1
2603,1,0,0
2604,0,1,0
2605,0,1,0
2606,0,1,0
2607,1,0,0
2608,0,0,1
2609,0,1,0
2610,0,0,1
2611,0,1,0
2612,0,1,0
2613,0,1,0
2614,0,1,0
2615,0,1,0
2616,0,0,1
2617,0,1,0
2618,0,0,1
2619,0,1,0
2620,0,1,0
2621,0,1,0
2622,0,1,0
2623,0,1,0
2624,0,1,0
2625,0,1,0
2626,0,1,0
2627,0,1,0
2628,1,0,0
2629,1,0,0
2630,0,1,0
2631,0,0,1
2632,1,0,0
2633,0,1,0
2634,0,0,1
2635,0,1,0
2636,1,0,0
2637,0,1,0
2638,0,0,1
2639,1,0,0
2640,1,0,0
2641,0,1,0
2642,0,1,0
2643,0,1,0
2644,0,0,1
2645,0,1,0
2646,0,0,1
2647,1,0,0
2648,0,0,1
2649,0,1,0
2650,0,0,1
2651,0,1,0
2652,0,1,0
2653,1,0,0
2654,1,0,0
2655,1,0,0
2656,1,0,0
2657,0,0,1
2658,0,1,0
2659,0,0,1
2660,0,0,1
2661,0,0,1
2662,1,0,0
2663,1,0,0
2664,1,0,0
2665,1,0,0
2666,0,0,1
2667,0,1,0
2668,0,0,1
2669,0,1,0
2670,0,1,0
2671,1,0,0
2672,0,1,0
2673,1,0,0
2674,1,0,0
2675,0,0,1
2676,0,0,1
2677,0,0,1
2678,1,0,0
2679,1,0,0
2680,0,0,1
2681,1,0,0
2682,0,0,1
2683,0,0,1
2684,1,0,0
2685,0,0,1
2686,0,0,1
2687,0,0,1
2688,0,0,1
2689,1,0,0
2690,0,0,1
2691,0,1,0
2692,1,0,0
2693,0,0,1
2694,0,1,0
2695,0,0,1
2696,0,1,0
2697,0,1,0
2698,0,0,1
2699,1,0,0
2700,1,0,0
2701,0,0,1
2702,0,1,0
2703,0,0,1
2704,0,0,1
2705,1,0,0
2706,0,1,0
2707,0,1,0
2708,0,0,1
2709,0,1,0
2710,0,0,1
2711,0,1,0
2712,0,0,1
2713,1,0,0
2714,1,0,0
2715,1,0,0
2716,0,1,0
2717,1,0,0
2718,0,1,0
2719,0,0,1
2720,1,0,0
2721,0,0,1
2722,1,0,0
2723,0,0,1
2724,0,1,0
2725,0,1,0
2726,0,0,1
2727,1,0,0
2728,0,1,0
2729,0,0,1
2730,0,0,1
2731,1,0,0
2732,1,0,0
2733,1,0,0
2734,0,0,1
2735,1,0,0
2736,0,0,1
2737,0,1,0
2738,1,0,0
2739,0,0,1
2740,0,0,1
2741,0,1,0
2742,0,0,1
2743,0,1,0
2744,1,0,0
2745,1,0,0
2746,1,0,0
2747,1,0,0
2748,0,0,1
2749,1,0,0
2750,1,0,0
2751,0,0,1
2752,0,0,1
2753,0,1,0
2754,0,0,1
2755,1,0,0
2756,0,0,1
2757,1,0,0
2758,0,0,1
2759,1,0,0
2760,1,0,0
2761,1,0,0
2762,1,0,0
2763,0,0,1
2764,0,0,1
2765,1,0,0
2766,0,1,0
2767,0,1,0
2768,0,1,0
2769,1,0,0
2770,1,0,0
2771,0,0,1
2772,0,1,0
2773,0,1,0
2774,0,0,1
2775,0,1,0
2776,0,0,1
2777,1,0,0
2778,0,1,0
2779,0,0,1
2780,0,1,0
2781,0,1,0
2782,0,0,1
2783,1,0,0
2784,0,1,0
2785,0,0,1
2786,1,0,0
2787,1,0,0
2788,1,0,0
2789,0,1,0
2790,0,1,0
2791,0,1,0
2792,1,0,0
2793,0,1,0
2794,0,0,1
2795,0,1,0
2796,0,0,1
2797,1,0,0
2798,0,1,0
2799,1,0,0
2800,0,1,0
2801,0,1,0
2802,0,0,1
2803,0,0,1
2804,0,1,0
2805,1,0,0
2806,0,1,0
2807,1,0,0
2808,0,1,0
2809,0,0,1
2810,0,1,0
2811,0,0,1
2812,0,0,1
2813,0,1,0
2814,0,1,0
2815,0,0,1
2816,0,1,0
2817,1,0,0
2818,1,0,0
2819,1,0,0
2820,0,0,1
2821,1,0,0
2822,0,1,0
2823,1,0,0
2824,0,0,1
2825,1,0,0
2826,0,1,0
2827,1,0,0
2828,0,1,0
2829,0,1,0
2830,1,0,0
2831,0,0,1
2832,1,0,0
2833,1,0,0
2834,1,0,0
2835,0,1,0
2836,1,0,0
2837,0,1,0
2838,0,0,1
2839,0,0,1
2840,1,0,0
2841,0,1,0
2842,0,1,0
2843,0,0,1
2844,0,0,1
2845,0,1,0
2846,0,1,0
2847,0,0,1
2848,0,1,0
2849,0,0,1
2850,0,0,1
2851,1,0,0
2852,1,0,0
2853,0,0,1
2854,0,1,0
2855,0,0,1
2856,0,1,0
2857,1,0,0
2858,0,1,0
2859,1,0,0
2860,0,1,0
2861,0,0,1
2862,0,1,0
2863,0,0,1
2864,0,0,1
2865,1,0,0
2866,1,0,0
2867,0,0,1
2868,0,0,1
2869,1,0,0
2870,1,0,0
2871,1,0,0
2872,0,1,0
2873,1,0,0
2874,0,0,1
2875,0,1,0
2876,1,0,0
2877,0,1,0
2878,0,0,1
2879,0,0,1
2880,0,1,0
2881,0,1,0
2882,0,1,0
2883,0,0,1
2884,0,1,0
2885,0,0,1
2886,0,0,1
2887,0,0,1
2888,0,0,1
2889,0,1,0
2890,0,0,1
2891,0,0,1
2892,0,0,1
2893,1,0,0
2894,0,0,1
2895,0,0,1
2896,0,1,0
2897,0,1,0
2898,0,0,1
2899,0,1,0
2900,1,0,0
2901,0,0,1
2902,0,0,1
2903,1,0,0
2904,0,0,1
2905,1,0,0
2906,1,0,0
2907,1,0,0
2908,1,0,0
2909,0,1,0
2910,0,0,1
2911,1,0,0
2912,0,1,0
2913,0,1,0
2914,0,1,0
2915,0,1,0
2916,1,0,0
2917,0,1,0
2918,0,0,1
2919,0,1,0
2920,0,1,0
2921,0,1,0
2922,1,0,0
2923,0,0,1
2924,1,0,0
2925,0,0,1
2926,0,1,0
2927,0,0,1
2928,1,0,0
2929,0,0,1
2930,1,0,0
2931,0,0,1
2932,0,0,1
2933,0,1,0
2934,1,0,0
2935,0,1,0
2936,0,1,0
2937,1,0,0
2938,0,1,0
2939,1,0,0
2940,1,0,0
2941,0,0,1
2942,0,0,1
2943,1,0,0
2944,1,0,0
2945,0,0,1
2946,1,0,0
2947,0,0,1
2948,1,0,0
2949,1,0,0
2950,1,0,0
2951,0,0,1
2952,0,1,0
2953,0,0,1
2954,1,0,0
2955,1,0,0
2956,0,1,0
2957,1,0,0
2958,1,0,0
2959,0,0,1
2960,1,0,0
2961,0,0,1
2962,0,1,0
2963,1,0,0
2964,0,0,1
2965,1,0,0
2966,0,1,0
2967,0,1,0
2968,0,0,1
2969,0,0,1
2970,0,0,1
2971,1,0,0
2972,1,0,0
2973,1,0,0
2974,0,0,1
2975,1,0,0
2976,1,0,0
2977,0,0,1
2978,1,0,0
2979,0,1,0
2980,0,1,0
2981,1,0,0
2982,1,0,0
2983,1,0,0
2984,0,1,0
2985,1,0,0
2986,0,1,0
2987,0,1,0
2988,0,1,0
2989,0,1,0
2990,0,1,0
2991,0,0,1
2992,0,0,1
2993,0,0,1
2994,0,1,0
2995,0,0,1
2996,0,0,1
2997,0,0,1
2998,1,0,0
2999,0,0,1
3000,0,0,1
3001,0,1,0
3002,1,0,0
3003,0,0,1
3004,0,1,0
3005,0,1,0
3006,0,0,1
3007,1,0,0
3008,0,0,1
3009,1,0,0
3010,0,0,1
3011,1,0,0
3012,1,0,0
3013,0,0,1
3014,0,1,0
3015,0,0,1
3016,1,0,0
3017,0,1,0
3018,1,0,0
3019,0,1,0
3020,1,0,0
3021,0,1,0
3022,0,0,1
3023,0,0,1
3024,1,0,0
3025,0,1,0
3026,1,0,0
3027,1,0,0
3028,1,0,0
3029,1,0,0
3030,1,0,0
3031,0,1,0
3032,1,0,0
3033,0,0,1
3034,0,1,0
3035,1,0,0
3036,1,0,0
3037,0,0,1
3038,0,1,0
3039,1,0,0
3040,0,1,0
3041,1,0,0
3042,0,1,0
3043,0,1,0
3044,0,1,0
3045,0,1,0
3046,0,0,1
3047,1,0,0
3048,1,0,0
3049,0,0,1
3050,0,0,1
3051,1,0,0
3052,1,0,0
3053,1,0,0
3054,1,0,0
3055,1,0,0
3056,0,1,0
3057,0,0,1
3058,0,1,0
3059,1,0,0
3060,0,0,1
3061,0,1,0
3062,0,1,0
3063,1,0,0
3064,0,1,0
3065,0,1,0
3066,0,0,1
3067,0,1,0
3068,0,0,1
3069,0,0,1
3070,1,0,0
3071,0,0,1
3072,1,0,0
3073,0,1,0
3074,0,1,0
3075,0,1,0
3076,0,1,0
3077,0,1,0
3078,0,1,0
3079,1,0,0
3080,0,1,0
3081,0,1,0
3082,0,1,0
3083,1,0,0
3084,0,1,0
3085,1,0,0
3086,0,1,0
3087,1,0,0
3088,1,0,0
3089,0,0,1
3090,0,1,0
3091,1,0,0
3092,0,1,0
3093,1,0,0
3094,0,0,1
3095,0,1,0
3096,1,0,0
3097,0,1,0
3098,0,0,1
3099,1,0,0
3100,0,1,0
3101,0,1,0
3102,1,0,0
3103,0,1,0
3104,0,1,0
3105,0,1,0
3106,1,0,0
3107,1,0,0
3108,1,0,0
3109,0,0,1
3110,1,0,0
3111,0,1,0
3112,0,1,0
3113,0,0,1
3114,0,0,1
3115,1,0,0
3116,1,0,0
3117,1,0,0
3118,0,1,0
3119,0,1,0
3120,0,1,0
3121,0,1,0
3122,1,0,0
3123,1,0,0
3124,0,1,0
3125,1,0,0
3126,1,0,0
3127,0,1,0
3128,0,1,0
3129,0,0,1
3130,0,0,1
3131,0,1,0
3132,0,1,0
3133,0,0,1
3134,0,1,0
3135,1,0,0
3136,1,0,0
3137,0,1,0
3138,0,1,0
3139,0,1,0
3140,0,0,1
3141,0,0,1
3142,0,0,1
3143,0,1,0
3144,0,1,0
3145,0,0,1
3146,1,0,0
3147,0,1,0
3148,1,0,0
3149,0,1,0
3150,0,1,0
3151,1,0,0
3152,1,0,0
3153,1,0,0
3154,0,1,0
3155,1,0,0
3156,0,0,1
3157,0,1,0
3158,0,1,0
3159,1,0,0
3160,1,0,0
3161,0,0,1
3162,0,1,0
3163,1,0,0
3164,1,0,0
3165,0,1,0
3166,0,0,1
3167,0,1,0
3168,0,1,0
3169,0,1,0
3170,0,1,0
3171,0,0,1
3172,1,0,0
3173,0,0,1
3174,0,0,1
3175,0,0,1
3176,1,0,0
3177,0,1,0
3178,1,0,0
3179,0,1,0
3180,1,0,0
3181,0,0,1
3182,1,0,0
3183,1,0,0
3184,0,1,0
3185,0,0,1
3186,1,0,0
3187,1,0,0
3188,0,0,1
3189,0,0,1
3190,1,0,0
3191,0,1,0
3192,0,0,1
3193,1,0,0
3194,1,0,0
3195,0,0,1
3196,1,0,0
3197,0,0,1
3198,1,0,0
3199,0,1,0
3200,0,1,0
3201,0,1,0
3202,1,0,0
3203,1,0,0
3204,1,0,0
3205,1,0,0
3206,0,0,1
3207,1,0,0
3208,0,0,1
3209,0,0,1
3210,1,0,0
3211,1,0,0
3212,0,1,0
3213,1,0,0
3214,0,0,1
3215,1,0,0
3216,0,1,0
3217,1,0,0
3218,1,0,0
3219,0,0,1
3220,0,0,1
3221,1,0,0
3222,0,1,0
3223,0,0,1
3224,1,0,0
3225,1,0,0
3226,1,0,0
3227,0,0,1
3228,0,0,1
3229,1,0,0
3230,0,1,0
3231,0,1,0
3232,0,0,1
3233,0,1,0
3234,0,1,0
3235,0,1,0
3236,1,0,0
3237,1,0,0
3238,0,0,1
3239,0,1,0
3240,0,0,1
3241,0,0,1
3242,1,0,0
3243,0,1,0
3244,1,0,0
3245,0,0,1
3246,0,1,0
3247,0,0,1
3248,0,1,0
3249,0,1,0
3250,0,0,1
3251,1,0,0
3252,0,1,0
3253,0,1,0
3254,1,0,0
3255,0,0,1
3256,0,0,1
3257,0,0,1
3258,0,0,1
3259,0,1,0
3260,0,0,1
3261,1,0,0
3262,0,1,0
3263,1,0,0
3264,1,0,0
3265,1,0,0
3266,0,0,1
3267,0,1,0
3268,0,0,1
3269,1,0,0
3270,0,0,1
3271,1,0,0
3272,0,1,0
3273,0,1,0
3274,0,1,0
3275,1,0,0
3276,1,0,0
3277,1,0,0
3278,0,1,0
3279,0,0,1
3280,1,0,0
3281,0,0,1
3282,1,0,0
3283,0,1,0
3284,0,0,1
3285,0,0,1
3286,0,1,0
3287,0,0,1
3288,1,0,0
3289,1,0,0
3290,1,0,0
3291,0,1,0
3292,0,1,0
3293,1,0,0
3294,0,1,0
3295,0,0,1
3296,0,0,1
3297,0,1,0
3298,1,0,0
3299,0,1,0
3300,0,0,1
3301,0,0,1
3302,0,0,1
3303,1,0,0
3304,0,1,0
3305,0,1,0
3306,0,1,0
3307,0,1,0
3308,1,0,0
3309,0,0,1
3310,0,0,1
3311,0,1,0
3312,0,1,0
3313,1,0,0
3314,0,1,0
3315,1,0,0
3316,1,0,0
3317,1,0,0
3318,1,0,0
3319,0,1,0
3320,0,0,1
3321,0,0,1
3322,0,1,0
3323,0,1,0
3324,1,0,0
3325,1,0,0
3326,0,0,1
3327,0,1,0
3328,1,0,0
3329,1,0,0
3330,1,0,0
3331,0,0,1
3332,1,0,0
3333,1,0,0
3334,0,1,0
3335,0,0,1
3336,1,0,0
3337,1,0,0
3338,0,1,0
3339,1,0,0
3340,0,1,0
3341,0,1,0
3342,1,0,0
3343,0,1,0
3344,0,1,0
3345,0,1,0
3346,1,0,0
3347,0,0,1
3348,1,0,0
3349,0,1,0
3350,0,1,0
3351,0,0,1
3352,0,0,1
3353,0,1,0
3354,0,0,1
3355,1,0,0
3356,1,0,0
3357,1,0,0
3358,0,0,1
3359,0,0,1
3360,0,1,0
3361,0,0,1
3362,1,0,0
3363,0,0,1
3364,0,0,1
3365,1,0,0
3366,0,0,1
3367,0,1,0
3368,0,1,0
3369,0,0,1
3370,0,0,1
3371,0,1,0
3372,0,0,1
3373,0,0,1
3374,0,1,0
3375,0,1,0
3376,0,1,0
3377,0,0,1
3378,1,0,0
3379,0,0,1
3380,0,1,0
3381,0,0,1
3382,0,1,0
3383,1,0,0
3384,0,0,1
3385,0,0,1
3386,1,0,0
3387,1,0,0
3388,0,1,0
3389,1,0,0
3390,0,0,1
3391,1,0,0
3392,0,0,1
3393,0,1,0
3394,0,1,0
3395,0,0,1
3396,1,0,0
3397,0,0,1
3398,1,0,0
3399,0,0,1
3400,1,0,0
3401,0,1,0
3402,0,1,0
3403,0,1,0
3404,0,1,0
3405,1,0,0
3406,0,1,0
3407,1,0,0
3408,1,0,0
3409,0,0,1
3410,0,0,1
3411,0,1,0
3412,1,0,0
3413,0,1,0
3414,0,1,0
3415,0,1,0
3416,0,1,0
3417,0,0,1
3418,0,1,0
3419,0,1,0
3420,0,0,1
3421,0,0,1
3422,0,1,0
3423,0,1,0
3424,0,1,0
3425,0,0,1
3426,0,1,0
3427,1,0,0
3428,0,1,0
3429,0,1,0
3430,0,1,0
3431,0,1,0
3432,0,1,0
3433,0,1,0
3434,0,0,1
3435,1,0,0
3436,1,0,0
3437,0,1,0
3438,0,0,1
3439,0,1,0
3440,0,0,1
3441,0,0,1
3442,0,0,1
3443,0,0,1
3444,0,0,1
3445,0,0,1
3446,1,0,0
3447,0,1,0
3448,0,0,1
3449,0,1,0
3450,0,0,1
3451,0,0,1
3452,1,0,0
3453,1,0,0
3454,1,0,0
3455,1,0,0
3456,0,1,0
3457,0,1,0
3458,0,1,0
3459,1,0,0
3460,0,1,0
3461,0,1,0
3462,0,0,1
3463,1,0,0
3464,0,0,1
3465,1,0,0
3466,0,0,1
3467,1,0,0
3468,0,1,0
3469,0,1,0
3470,0,1,0
3471,1,0,0
3472,1,0,0
3473,0,0,1
3474,1,0,0
3475,0,1,0
3476,0,0,1
3477,0,0,1
3478,0,0,1
3479,0,0,1
3480,0,0,1
3481,1,0,0
3482,0,1,0
3483,0,1,0
3484,1,0,0
3485,0,1,0
3486,0,1,0
3487,1,0,0
3488,1,0,0
3489,0,1,0
3490,0,0,1
3491,1,0,0
3492,1,0,0
3493,1,0,0
3494,0,0,1
3495,0,1,0
3496,1,0,0
3497,0,1,0
3498,0,0,1
3499,1,0,0
3500,1,0,0
3501,1,0,0
3502,0,1,0
3503,1,0,0
3504,0,0,1
3505,0,1,0
3506,0,1,0
3507,1,0,0
3508,0,0,1
3509,0,0,1
3510,1,0,0
3511,1,0,0
3512,1,0,0
3513,1,0,0
3514,0,1,0
3515,0,0,1
3516,1,0,0
3517,0,1,0
3518,0,0,1
3519,1,0,0
3520,1,0,0
3521,0,0,1
3522,1,0,0
3523,0,1,0
3524,0,0,1
3525,0,0,1
3526,0,0,1
3527,0,0,1
3528,0,0,1
3529,0,0,1
3530,0,0,1
3531,1,0,0
3532,0,1,0
3533,0,1,0
3534,0,1,0
3535,1,0,0
3536,1,0,0
3537,1,0,0
3538,1,0,0
3539,1,0,0
3540,1,0,0
3541,0,1,0
3542,0,1,0
3543,0,1,0
3544,1,0,0
3545,1,0,0
3546,1,0,0
3547,1,0,0
3548,0,0,1
3549,1,0,0
3550,1,0,0
3551,0,0,1
3552,1,0,0
3553,0,1,0
3554,0,0,1
3555,0,0,1
3556,0,1,0
3557,1,0,0
3558,0,0,1
3559,0,1,0
3560,0,0,1
3561,1,0,0
3562,0,0,1
3563,0,1,0
3564,0,1,0
3565,0,0,1
3566,1,0,0
3567,1,0,0
3568,0,0,1
3569,0,1,0
3570,0,1,0
3571,1,0,0
3572,0,1,0
3573,0,1,0
3574,0,0,1
3575,0,0,1
3576,1,0,0
3577,0,0,1
3578,0,0,1
3579,1,0,0
3580,1,0,0
3581,0,0,1
3582,0,0,1
3583,0,0,1
3584,0,0,1
3585,1,0,0
3586,0,1,0
3587,0,1,0
3588,0,0,1
3589,0,0,1
3590,1,0,0
3591,1,0,0
3592,0,0,1
3593,1,0,0
3594,1,0,0
3595,0,1,0
3596,1,0,0
3597,0,1,0
3598,0,0,1
3599,1,0,0
3600,0,1,0
3601,0,0,1
3602,1,0,0
3603,0,1,0
3604,1,0,0
3605,0,1,0
3606,1,0,0
3607,0,0,1
3608,0,0,1
3609,1,0,0
3610,0,0,1
3611,0,0,1
3612,0,0,1
3613,1,0,0
3614,0,0,1
3615,1,0,0
3616,0,0,1
3617,0,0,1
3618,1,0,0
3619,0,0,1
3620,0,1,0
3621,1,0,0
3622,0,0,1
3623,0,0,1
3624,0,1,0
3625,0,1,0
3626,0,0,1
3627,0,1,0
3628,0,1,0
3629,0,0,1
3630,0,1,0
3631,1,0,0
3632,1,0,0
3633,1,0,0
3634,0,0,1
3635,0,0,1
3636,0,0,1
3637,1,0,0
3638,0,1,0
3639,0,0,1
3640,0,0,1
3641,1,0,0
3642,0,1,0
3643,0,0,1
3644,0,0,1
3645,0,0,1
3646,0,1,0
3647,0,1,0
3648,0,1,0
3649,0,0,1
3650,1,0,0
3651,0,0,1
3652,0,1,0
3653,0,1,0
3654,0,1,0
3655,1,0,0
3656,0,0,1
3657,0,1,0
3658,0,1,0
3659,0,0,1
3660,0,1,0
3661,0,1,0
3662,1,0,0
3663,1,0,0
3664,0,0,1
3665,1,0,0
3666,0,1,0
3667,0,1,0
3668,1,0,0
3669,1,0,0
3670,1,0,0
3671,1,0,0
3672,0,1,0
3673,1,0,0
3674,0,0,1
3675,1,0,0
3676,0,1,0
3677,1,0,0
3678,0,0,1
3679,0,0,1
3680,0,1,0
3681,0,1,0
3682,1,0,0
3683,0,1,0
3684,0,1,0
3685,1,0,0
3686,1,0,0
3687,0,0,1
3688,0,1,0
3689,0,1,0
3690,1,0,0
3691,0,1,0
3692,0,1,0
3693,0,0,1
3694,0,1,0
3695,1,0,0
3696,1,0,0
3697,0,1,0
3698,0,0,1
3699,0,1,0
3700,1,0,0
3701,1,0,0
3702,0,1,0
3703,0,1,0
3704,1,0,0
3705,1,0,0
3706,0,0,1
3707,0,1,0
3708,0,1,0
3709,0,0,1
3710,0,0,1
3711,0,0,1
3712,0,0,1
3713,1,0,0
3714,1,0,0
3715,0,1,0
3716,0,1,0
3717,1,0,0
3718,0,1,0
3719,1,0,0
3720,1,0,0
3721,1,0,0
3722,0,1,0
3723,0,0,1
3724,0,1,0
3725,0,0,1
3726,0,1,0
3727,0,0,1
3728,0,1,0
3729,1,0,0
3730,0,1,0
3731,1,0,0
3732,0,0,1
3733,0,1,0
3734,0,1,0
3735,1,0,0
3736,0,1,0
3737,0,1,0
3738,0,0,1
3739,0,0,1
3740,1,0,0
3741,0,1,0
3742,0,1,0
3743,1,0,0
3744,0,0,1
3745,0,0,1
3746,1,0,0
3747,0,0,1
3748,1,0,0
3749,1,0,0
3750,0,0,1
3751,1,0,0
3752,0,0,1
3753,0,0,1
3754,0,0,1
3755,0,1,0
3756,1,0,0
3757,0,0,1
3758,0,1,0
3759,1,0,0
3760,1,0,0
3761,0,0,1
3762,0,0,1
3763,0,0,1
3764,0,0,1
3765,1,0,0
3766,1,0,0
3767,0,0,1
3768,0,1,0
3769,0,0,1
3770,1,0,0
3771,0,0,1
3772,0,0,1
3773,0,0,1
3774,0,1,0
3775,1,0,0
3776,0,1,0
3777,0,1,0
3778,0,0,1
3779,0,1,0
3780,0,1,0
3781,0,0,1
3782,0,1,0
3783,0,1,0
3784,1,0,0
3785,1,0,0
3786,0,1,0
3787,0,0,1
3788,0,0,1
3789,1,0,0
3790,0,0,1
3791,0,1,0
3792,1,0,0
3793,0,0,1
3794,1,0,0
3795,1,0,0
3796,0,1,0
3797,0,0,1
3798,0,0,1
3799,0,1,0
3800,0,0,1
3801,0,1,0
3802,1,0,0
3803,0,1,0
3804,0,0,1
3805,0,0,1
3806,1,0,0
3807,0,0,1
3808,0,0,1
3809,0,0,1
3810,0,0,1
3811,0,1,0
3812,0,1,0
3813,0,0,1
3814,0,1,0
3815,0,1,0
3816,0,1,0
3817,1,0,0
